model,origin,mean_character_similarity,mean_exact_match,mean_cer,mean_wer,mean_metric_rank,russian_old_orthography,school_notebooks_ru,handwritten_essay,yenisei_gov_reports_hwr,yenisei_gov_reports_prt,cyrillic_handwriting,donkeysmall_printed_15random,mean_words_s
trba_base_g1,https://github.com/konstantinkozhin/manuscript-ocr,0.936828,0.761822,0.064099,0.245372,1.000000,0.943040 / 0.777477 / 0.058716 / 0.225350,0.940126 / 0.797619 / 0.052103 / 0.209909,0.876839 / 0.615235 / 0.122016 / 0.397686,0.971753 / 0.905580 / 0.028328 / 0.100670,0.988961 / 0.964921 / 0.011075 / 0.039038,0.940726 / 0.684585 / 0.063968 / 0.292286,0.896354 / 0.587333 / 0.112489 / 0.452667,680.499236
trba_lite_g1,https://github.com/konstantinkozhin/manuscript-ocr,0.930245,0.747619,0.071466,0.258089,2.000000,0.931832 / 0.747909 / 0.067871 / 0.254447,0.940697 / 0.800452 / 0.052664 / 0.208704,0.874316 / 0.624563 / 0.127248 / 0.393324,0.963629 / 0.875625 / 0.035868 / 0.130542,0.984944 / 0.950045 / 0.015728 / 0.055541,0.936934 / 0.679404 / 0.069519 / 0.297398,0.879363 / 0.555333 / 0.131361 / 0.466667,237.855215
trocr_ru_1700s,https://huggingface.co/taiga75/ru-trocr-1700s,0.881235,0.675229,0.103272,0.346207,3.000000,0.910946 / 0.786547 / 0.060953 / 0.215455,0.883860 / 0.717133 / 0.086386 / 0.306588,0.878509 / 0.676059 / 0.110602 / 0.355395,0.766985 / 0.491518 / 0.210606 / 0.552122,0.888064 / 0.808822 / 0.085401 / 0.215882,0.926842 / 0.641192 / 0.075002 / 0.326673,0.913440 / 0.605333 / 0.093954 / 0.451333,25.213639
trocr_large_rukopys_hw,https://huggingface.co/Hukyl/trocr-large-rukopys-hw,0.869050,0.634008,0.127349,0.437925,4.000000,0.778590 / 0.489221 / 0.182569 / 0.560137,0.906617 / 0.745599 / 0.075524 / 0.283942,0.884138 / 0.662262 / 0.111649 / 0.376067,0.785726 / 0.469330 / 0.246617 / 0.573694,0.821844 / 0.561582 / 0.171175 / 0.529262,0.975959 / 0.838731 / 0.026670 / 0.146375,0.930473 / 0.671333 / 0.077239 / 0.596000,7.956896
kraken_ppocrv6_medium,https://zenodo.org/records/21788410,0.813644,0.538471,0.155531,0.469904,5.750000,0.775193 / 0.572741 / 0.144171 / 0.432560,0.798170 / 0.538558 / 0.149372 / 0.474076,0.759346 / 0.423436 / 0.207927 / 0.593021,0.791484 / 0.505000 / 0.192787 / 0.515388,0.798006 / 0.633559 / 0.171931 / 0.384982,0.839934 / 0.340674 / 0.151696 / 0.570632,0.933374 / 0.755333 / 0.070836 / 0.318667,149.989727
cyrillic_large_handwritten,https://huggingface.co/Kansallisarkisto/cyrillic-large-handwritten,0.824505,0.562748,0.213598,0.477328,6.500000,0.871071 / 0.615856 / 0.122362 / 0.399576,0.765672 / 0.497688 / 0.268845 / 0.556686,0.652688 / 0.325690 / 0.448231 / 0.749668,0.810647 / 0.547232 / 0.244013 / 0.492665,0.874478 / 0.684812 / 0.200084 / 0.372096,0.832800 / 0.455959 / 0.175320 / 0.513941,0.964182 / 0.812000 / 0.036328 / 0.256667,8.300353
trocr_dialectic_stackmix,https://huggingface.co/Daniil-Domino/trocr-base-ru-dialectic-stackmix,0.809128,0.538913,0.169741,0.480172,6.500000,0.659625 / 0.305219 / 0.264379 / 0.699022,0.888736 / 0.734342 / 0.083542 / 0.286459,0.889932 / 0.717450 / 0.092517 / 0.302674,0.712133 / 0.383080 / 0.269746 / 0.656983,0.664443 / 0.336040 / 0.310311 / 0.703313,0.942361 / 0.695596 / 0.062547 / 0.277416,0.906663 / 0.600667 / 0.105143 / 0.435333,26.885865
trocr_dialectic,https://huggingface.co/Daniil-Domino/trocr-base-ru-dialectic,0.789992,0.493071,0.199585,0.520244,8.250000,0.593992 / 0.166569 / 0.356067 / 0.835434,0.887555 / 0.725594 / 0.087474 / 0.291385,0.880815 / 0.690245 / 0.101936 / 0.326569,0.706007 / 0.370714 / 0.286239 / 0.660887,0.640179 / 0.270495 / 0.360986 / 0.758093,0.933989 / 0.663212 / 0.071211 / 0.311338,0.887403 / 0.564667 / 0.133181 / 0.458000,24.222581
trocr_base_ru,https://huggingface.co/raxtemur/trocr-base-ru,0.788341,0.499724,0.206109,0.600069,9.000000,0.628184 / 0.270232 / 0.333658 / 0.900342,0.862972 / 0.670025 / 0.106740 / 0.366729,0.834805 / 0.620482 / 0.151154 / 0.462166,0.729390 / 0.408214 / 0.278088 / 0.670091,0.629164 / 0.277641 / 0.388499 / 0.954361,0.923966 / 0.631477 / 0.081635 / 0.344796,0.909908 / 0.620000 / 0.102986 / 0.502000,25.998356
kraken_ppocrv6_small,https://zenodo.org/records/21788405,0.776036,0.467962,0.189746,0.540728,9.000000,0.761968 / 0.509012 / 0.173498 / 0.504417,0.755122 / 0.470154 / 0.178204 / 0.540065,0.684985 / 0.314613 / 0.264111 / 0.698085,0.717718 / 0.393616 / 0.264023 / 0.625632,0.781751 / 0.583864 / 0.188590 / 0.435572,0.809121 / 0.279145 / 0.180871 / 0.642658,0.921589 / 0.725333 / 0.078924 / 0.338667,246.177655
trocr_base_handwritten_ru,https://huggingface.co/kazars24/trocr-base-handwritten-ru,0.751434,0.383103,0.235477,0.625003,12.000000,0.633729 / 0.198846 / 0.309156 / 0.806338,0.857061 / 0.639623 / 0.118197 / 0.377857,0.836555 / 0.533813 / 0.162045 / 0.488716,0.646343 / 0.246652 / 0.341895 / 0.774870,0.670455 / 0.269586 / 0.285485 / 0.750540,0.900384 / 0.527202 / 0.111013 / 0.429368,0.715513 / 0.266000 / 0.320550 / 0.747333,10.545941
cyrillic_htr_model,https://huggingface.co/Kansallisarkisto/cyrillic-htr-model,0.740505,0.367479,0.223849,0.688934,12.500000,0.760073 / 0.433620 / 0.180105 / 0.577453,0.706810 / 0.360162 / 0.229300 / 0.662827,0.549630 / 0.154878 / 0.389528 / 0.891333,0.774161 / 0.482991 / 0.201025 / 0.534166,0.785062 / 0.530856 / 0.160856 / 0.495747,0.751366 / 0.187176 / 0.245042 / 0.778346,0.856436 / 0.422667 / 0.161084 / 0.882667,8.752263
trocr_handwritten_cyrillic,https://huggingface.co/cyrillic-trocr/trocr-handwritten-cyrillic,0.729378,0.387572,0.336800,0.763323,14.250000,0.811580 / 0.501590 / 0.163080 / 0.532336,0.791446 / 0.484351 / 0.178555 / 0.541659,0.702774 / 0.346288 / 0.341455 / 0.747772,0.650943 / 0.333929 / 0.710046 / 1.106792,0.736957 / 0.480512 / 0.283298 / 0.650755,0.824532 / 0.352332 / 0.195559 / 0.621283,0.587412 / 0.214000 / 0.485610 / 1.142667,8.520389
trocr_rukopys,https://huggingface.co/Hukyl/trocr-rukopys,0.717769,0.299095,0.306813,0.853600,15.250000,0.674397 / 0.248439 / 0.293064 / 0.796325,0.806328 / 0.489155 / 0.179325 / 0.542971,0.704482 / 0.309366 / 0.291255 / 0.753840,0.624143 / 0.245714 / 0.498988 / 0.868102,0.753609 / 0.379109 / 0.258460 / 0.727053,0.783098 / 0.231218 / 0.232316 / 0.724907,0.678326 / 0.190667 / 0.394285 / 1.562000,8.555195
kraken_ppocrv6_tiny,https://zenodo.org/records/21788403,0.641470,0.290278,0.320203,0.727273,15.250000,0.555457 / 0.210979 / 0.342854 / 0.794086,0.631095 / 0.277130 / 0.290104 / 0.735620,0.486868 / 0.129227 / 0.462686 / 0.888489,0.590322 / 0.275625 / 0.413306 / 0.744011,0.668817 / 0.408861 / 0.291814 / 0.616859,0.690828 / 0.132124 / 0.298314 / 0.817844,0.866906 / 0.598000 / 0.142347 / 0.494000,302.867463
paddleocr_cyrillic_v5_mobile,https://huggingface.co/PaddlePaddle/cyrillic_PP-OCRv5_mobile_rec,0.442606,0.284176,0.555137,0.731196,17.500000,0.685769 / 0.328778 / 0.213781 / 0.672400,0.088401 / 0.018463 / 0.915681 / 0.983733,0.053264 / 0.005052 / 0.959677 / 1.009862,0.242150 / 0.113214 / 0.860051 / 0.915314,0.819607 / 0.596921 / 0.150502 / 0.445474,0.233126 / 0.040803 / 0.762404 / 0.954926,0.975924 / 0.886000 / 0.023859 / 0.136667,585.651299
trocr_russian_18th_century_printed,https://huggingface.co/dsmchr/trocr_russian_18th_century_printed,0.518636,0.208652,0.538622,0.828013,18.500000,0.895443 / 0.658617 / 0.098213 / 0.344092,0.380097 / 0.068010 / 0.672972 / 0.951731,0.328133 / 0.039448 / 0.713977 / 1.005879,0.317614 / 0.075223 / 0.888038 / 0.956322,0.808944 / 0.488372 / 0.216045 / 0.536753,0.391031 / 0.014896 / 0.642524 / 1.019981,0.509192 / 0.116000 / 0.538586 / 0.981333,8.998622
turkicocr_svtrv2_b,https://huggingface.co/alenisaw/turkicocr-svtrv2-b,0.578424,0.186514,0.436695,0.958656,18.750000,0.690771 / 0.212510 / 0.274734 / 0.858994,0.419127 / 0.041695 / 0.593165 / 1.081334,0.362604 / 0.018461 / 0.676630 / 1.199128,0.386996 / 0.075848 / 0.689370 / 1.076879,0.751677 / 0.337274 / 0.214940 / 0.751746,0.506733 / 0.029145 / 0.536045 / 1.098513,0.931058 / 0.590667 / 0.071982 / 0.644000,471.156241
paddleocr_eslav_v5_mobile,https://huggingface.co/PaddlePaddle/eslav_PP-OCRv5_mobile_rec,0.423495,0.263567,0.567474,0.745651,18.750000,0.622062 / 0.263871 / 0.264938 / 0.736954,0.084023 / 0.019001 / 0.921659 / 0.982918,0.050377 / 0.002915 / 0.957584 / 1.011758,0.242431 / 0.117946 / 0.856765 / 0.903727,0.764137 / 0.532870 / 0.188846 / 0.484893,0.230357 / 0.033031 / 0.755974 / 0.958643,0.971081 / 0.875333 / 0.026555 / 0.140667,699.549820
parseq_s_rukopys,https://huggingface.co/Hukyl/parseq-s-rukopys,0.688449,0.425394,1.295203,1.275934,19.000000,0.240255 / 0.030863 / 4.889671 / 3.031688,0.924158 / 0.813681 / 0.073267 / 0.217741,0.760060 / 0.498445 / 0.406338 / 0.823061,0.647703 / 0.329554 / 1.011390 / 1.497966,0.480917 / 0.193647 / 2.357740 / 2.056811,0.916425 / 0.605570 / 0.106072 / 0.373606,0.849623 / 0.506000 / 0.221945 / 0.930667,87.545360
parseq_b_rukopys,https://huggingface.co/Hukyl/parseq-b-rukopys,0.663735,0.424803,1.420330,1.427552,20.000000,0.137099 / 0.010131 / 6.444401 / 4.456120,0.933209 / 0.840211 / 0.054231 / 0.187192,0.773447 / 0.515546 / 0.325168 / 0.688413,0.614091 / 0.290357 / 0.772472 / 1.233184,0.449185 / 0.184293 / 1.966949 / 2.004316,0.936498 / 0.713083 / 0.071143 / 0.256970,0.802613 / 0.420000 / 0.307946 / 1.166667,47.755194
cyrillic_g2,https://github.com/JaidedAI/EasyOCR,0.427420,0.221286,0.640906,1.140156,21.250000,0.747263 / 0.312404 / 0.229998 / 0.745671,0.104802 / 0.016563 / 0.965413 / 1.386079,0.079507 / 0.003692 / 1.050003 / 1.778494,0.162249 / 0.047768 / 1.080118 / 1.524880,0.793434 / 0.532805 / 0.203248 / 0.607528,0.207662 / 0.007772 / 0.848914 / 1.428439,0.897019 / 0.628000 / 0.108647 / 0.510000,109.640332
cyrillic_g1,https://github.com/JaidedAI/EasyOCR,0.415539,0.163779,0.620294,0.971424,22.000000,0.518953 / 0.110732 / 0.486113 / 0.995524,0.185597 / 0.019109 / 0.851621 / 1.131906,0.116144 / 0.004469 / 1.015861 / 1.158733,0.196391 / 0.027455 / 0.857075 / 1.089206,0.674572 / 0.331753 / 0.305367 / 0.852990,0.318436 / 0.013601 / 0.714208 / 1.138941,0.898677 / 0.639333 / 0.111815 / 0.432667,63.927652
trocr_prereform_orthography,https://huggingface.co/Serovvans/trocr-prereform-orthography,0.349015,0.144234,0.758914,1.068360,24.000000,0.772796 / 0.470491 / 0.157737 / 0.543056,0.174827 / 0.002904 / 1.141468 / 1.337633,0.145639 / 0.001360 / 0.984335 / 1.340603,0.169863 / 0.004018 / 1.221670 / 1.418992,0.591483 / 0.398272 / 0.301911 / 0.670750,0.259347 / 0.002591 / 0.808570 / 1.151487,0.329152 / 0.130000 / 0.696704 / 1.016000,26.061095
crnn_ctc_church_slavonic,https://huggingface.co/achimrabus/crnn-ctc-church-slavonic,0.206205,0.036044,0.796870,1.061253,25.250000,0.600089 / 0.163152 / 0.405029 / 0.982212,0.070234 / 0.007708 / 0.930157 / 0.998760,0.071380 / 0.002332 / 0.921512 / 1.013654,0.040857 / 0.001161 / 0.956441 / 1.007314,0.353341 / 0.070677 / 0.625356 / 1.052685,0.136927 / 0.001943 / 0.880322 / 1.028810,0.170603 / 0.005333 / 0.859271 / 1.345333,431.535162
tesseract_cyrillic_best,https://github.com/tesseract-ocr/tessdata_best/blob/main/script/Cyrillic.traineddata,0.397515,0.185906,3.189370,7.113633,25.750000,0.831315 / 0.508305 / 0.175486 / 0.535281,0.150824 / 0.010755 / 3.847426 / 6.748485,0.176320 / 0.008162 / 2.272418 / 4.355964,0.111293 / 0.008214 / 5.466255 / 9.723959,0.678422 / 0.424971 / 3.444037 / 6.910562,0.275400 / 0.013601 / 1.843024 / 3.863848,0.559029 / 0.327333 / 5.276943 / 17.657333,104.472210
trocr_church_slavonic_handwritten,https://huggingface.co/cyrillic-trocr/trocr-church-slavonic-handwritten,0.335499,0.056289,1.004248,1.886908,26.500000,0.578480 / 0.179644 / 0.737195 / 1.586053,0.318255 / 0.037178 / 1.048205 / 1.726902,0.272862 / 0.024485 / 1.057983 / 1.854352,0.205159 / 0.024777 / 1.254427 / 1.807043,0.408210 / 0.101598 / 0.983469 / 1.748381,0.357534 / 0.011010 / 0.863670 / 1.822955,0.207993 / 0.015333 / 1.084788 / 2.662667,10.181997
tesseract_rus_best,https://github.com/tesseract-ocr/tessdata_best/blob/main/rus.traineddata,0.375564,0.175242,5.498662,11.893110,26.750000,0.801307 / 0.463305 / 0.722428 / 1.696313,0.136047 / 0.008927 / 8.757574 / 15.797037,0.170311 / 0.006801 / 4.673752 / 9.186990,0.107941 / 0.006875 / 6.803538 / 11.798291,0.676742 / 0.418345 / 4.347584 / 8.931383,0.183567 / 0.007772 / 7.641305 / 17.275093,0.553033 / 0.314667 / 5.544450 / 18.566667,84.619400
party_european_languages,https://zenodo.org/records/15764161,0.192548,0.074092,1.217378,1.460540,26.750000,0.032394 / 0.009306 / 1.188990 / 1.401225,0.049503 / 0.015846 / 1.448285 / 1.443527,0.002215 / 0.000000 / 1.538982 / 1.623175,0.104682 / 0.031250 / 1.742366 / 1.794839,0.299226 / 0.147915 / 1.294850 / 1.550336,0.288628 / 0.034326 / 0.754823 / 1.107342,0.571187 / 0.280000 / 0.553346 / 1.303333,4.941614
