model,origin,mean_character_similarity,mean_exact_match,mean_cer,mean_wer,mean_metric_rank,russian_old_orthography,school_notebooks_ru,handwritten_essay,mean_lines_s
kraken_ppocrv6_medium,https://zenodo.org/records/21788410,0.867538,0.151534,0.102020,0.396060,1.750000,0.946603 / 0.248933 / 0.050084 / 0.225642,0.816588 / 0.183481 / 0.098648 / 0.403085,0.839422 / 0.022189 / 0.157327 / 0.559454,42.312796
cyrillic_large_handwritten,https://huggingface.co/Kansallisarkisto/cyrillic-large-handwritten,0.865891,0.177341,0.115226,0.358918,1.750000,0.946720 / 0.179232 / 0.051600 / 0.244534,0.846985 / 0.286223 / 0.100886 / 0.350900,0.803969 / 0.066568 / 0.193192 / 0.481320,4.647619
trocr_ru_1700s,https://huggingface.co/taiga75/ru-trocr-1700s,0.853442,0.180459,0.146009,0.408696,2.500000,0.945588 / 0.252489 / 0.054221 / 0.213861,0.850142 / 0.250426 / 0.127044 / 0.438928,0.764595 / 0.038462 / 0.256762 / 0.573298,9.144362
trocr_dialectic_stackmix,https://huggingface.co/Daniil-Domino/trocr-base-ru-dialectic-stackmix,0.700813,0.078159,0.312164,0.810744,5.000000,0.630907 / 0.007112 / 0.381868 / 0.926555,0.811214 / 0.205176 / 0.185130 / 0.656445,0.660320 / 0.022189 / 0.369493 / 0.849232,8.297260
trba_lite_g1,https://github.com/konstantinkozhin/manuscript-ocr,0.612984,0.102369,0.428432,0.790151,5.750000,0.621473 / 0.035562 / 0.407429 / 0.813203,0.792164 / 0.262669 / 0.270843 / 0.611678,0.425314 / 0.008876 / 0.607025 / 0.945572,669.308545
trocr_base_ru,https://huggingface.co/raxtemur/trocr-base-ru,0.693723,0.061554,0.319644,0.867134,7.000000,0.667359 / 0.008535 / 0.344985 / 0.905859,0.782254 / 0.158376 / 0.217233 / 0.765332,0.631557 / 0.017751 / 0.396713 / 0.930211,8.199277
trocr_dialectic,https://huggingface.co/Daniil-Domino/trocr-base-ru-dialectic,0.668378,0.071085,0.345436,0.853387,7.000000,0.561832 / 0.004979 / 0.450888 / 0.959457,0.800781 / 0.192004 / 0.197867 / 0.711458,0.642521 / 0.016272 / 0.387554 / 0.889247,8.186358
trba_base_g1,https://github.com/konstantinkozhin/manuscript-ocr,0.600857,0.100753,0.443884,0.819944,7.250000,0.630097 / 0.044097 / 0.401365 / 0.825621,0.782587 / 0.244847 / 0.286569 / 0.675174,0.389886 / 0.013314 / 0.643717 / 0.959037,523.502921
paddleocr_eslav_v5_mobile,https://huggingface.co/PaddlePaddle/eslav_PP-OCRv5_mobile_rec,0.471047,0.009054,0.500848,0.808335,9.250000,0.872892 / 0.022048 / 0.115396 / 0.492146,0.204028 / 0.005114 / 0.753246 / 0.986339,0.336220 / 0.000000 / 0.633902 / 0.946520,276.643084
turkicocr_svtrv2_b,https://huggingface.co/alenisaw/turkicocr-svtrv2-b,0.591732,0.004677,0.401480,0.899704,10.250000,0.802609 / 0.004267 / 0.200864 / 0.758756,0.497030 / 0.009763 / 0.471934 / 0.957804,0.475558 / 0.000000 / 0.531642 / 0.982553,34.911985
trocr_base_handwritten_ru,https://huggingface.co/kazars24/trocr-base-handwritten-ru,0.487161,0.039777,0.548410,0.927309,10.500000,0.455144 / 0.003556 / 0.567520 / 0.959881,0.618035 / 0.112816 / 0.441041 / 0.845942,0.388305 / 0.002959 / 0.636670 / 0.976105,2.816063
paddleocr_cyrillic_v5_mobile,https://huggingface.co/PaddlePaddle/cyrillic_PP-OCRv5_mobile_rec,0.434023,0.008902,0.550896,0.825299,11.000000,0.879596 / 0.018492 / 0.115149 / 0.509128,0.198609 / 0.008213 / 0.772702 / 0.987440,0.223864 / 0.000000 / 0.764837 / 0.979329,269.508594
cyrillic_g1,https://github.com/JaidedAI/EasyOCR,0.402907,0.000568,0.590581,0.971842,13.750000,0.747128 / 0.000000 / 0.253552 / 0.788049,0.245273 / 0.001705 / 0.730956 / 1.056739,0.216319 / 0.000000 / 0.787235 / 1.070738,16.426006
tesseract_cyrillic_best,https://github.com/tesseract-ocr/tessdata_best/blob/main/script/Cyrillic.traineddata,0.312420,0.010319,1.891291,3.295731,14.000000,0.733979 / 0.029872 / 1.800290 / 3.576841,0.088905 / 0.001085 / 1.267215 / 1.737055,0.114377 / 0.000000 / 2.606368 / 4.573298,32.327726
cyrillic_g2,https://github.com/JaidedAI/EasyOCR,0.358581,0.000857,0.666263,1.190408,14.250000,0.730238 / 0.000711 / 0.301938 / 0.758756,0.169330 / 0.001860 / 0.831865 / 1.236137,0.176174 / 0.000000 / 0.864985 / 1.576332,26.485108
tesseract_rus_best,https://github.com/tesseract-ocr/tessdata_best/blob/main/rus.traineddata,0.324084,0.006845,2.482644,4.422591,15.000000,0.804325 / 0.019915 / 0.915703 / 1.967311,0.078933 / 0.000620 / 2.592403 / 4.270878,0.088995 / 0.000000 / 3.939825 / 7.029585,25.362546
