model,origin,mean_f1@0.5,mean_f1@0.5:0.95,mean_dice_f1,mean_polygon_hmean@0.5,mean_metric_rank,russian_old_orthography,handwritten_essay,school_notebooks_ru,gota_hovratt_seg,svea_hovratt_seg,bergskollegium_relationer_och_skrivelser_seg,mean_gpu_fps
rfdetr_textline_textregion_seg_preview,https://huggingface.co/Kansallisarkisto/rfdetr_textline_textregion_detection_model,0.956858,0.688661,0.908808,0.831198,2.750000,0.963554 / 0.563693 / 0.901694 / 0.965637,0.960860 / 0.697928 / 0.936091 / 0.962394,0.881057 / 0.573873 / 0.918664 / 0.854456,0.971418 / 0.786512 / 0.909101 / 0.685970,0.984238 / 0.781195 / 0.889270 / 0.722198,0.980020 / 0.728767 / 0.898029 / 0.796534,8.495986
rfdetr_textline_textregion_2xl,https://huggingface.co/Kansallisarkisto/rfdetr-textline-textregion-detection-2xl,0.963632,0.714386,0.906163,0.821800,3.000000,0.945731 / 0.454062 / 0.887745 / 0.949879,0.982694 / 0.767043 / 0.951812 / 0.979684,0.903317 / 0.621870 / 0.907766 / 0.825804,0.976457 / 0.846898 / 0.907047 / 0.644245,0.991737 / 0.829615 / 0.889726 / 0.759730,0.981855 / 0.766830 / 0.892885 / 0.771458,8.429143
mask2former_line_v0_prev,https://github.com/konstantinkozhin/manuscript-ocr,0.921469,0.673981,0.907543,0.858196,3.000000,0.897748 / 0.663271 / 0.807923 / 0.897748,1.000000 / 0.898817 / 0.982137 / 1.000000,0.934130 / 0.752900 / 0.965383 / 0.935545,0.920444 / 0.616967 / 0.904005 / 0.844711,0.873729 / 0.548008 / 0.888082 / 0.854873,0.902762 / 0.563925 / 0.897728 / 0.616297,0.398468
court_records_textline_yolov8x_seg,https://huggingface.co/Kansallisarkisto/court-records-textline-detection,0.882107,0.599222,0.892894,0.872851,3.750000,0.829385 / 0.418831 / 0.863688 / 0.831784,0.757729 / 0.520742 / 0.911977 / 0.730748,0.846864 / 0.606272 / 0.905003 / 0.829657,0.969416 / 0.689676 / 0.897541 / 0.961260,0.945746 / 0.673380 / 0.881529 / 0.941524,0.943500 / 0.686432 / 0.897625 / 0.942131,6.279159
kraken_blla_default,https://github.com/mittagessen/kraken,0.919491,0.498377,0.873622,0.916952,4.500000,0.932872 / 0.431003 / 0.903517 / 0.959862,0.948884 / 0.639885 / 0.870208 / 0.927286,0.800833 / 0.492626 / 0.864630 / 0.780623,0.943631 / 0.478660 / 0.862101 / 0.937775,0.917975 / 0.485956 / 0.869152 / 0.920391,0.972749 / 0.462132 / 0.872121 / 0.975777,0.116277
paddleocr_v6_medium_line,https://www.paddleocr.ai/latest/en/version3.x/algorithm/PP-OCRv6/PP-OCRv6.html,0.876727,0.561061,0.883114,0.859425,4.750000,0.969948 / 0.655820 / 0.898991 / 0.969948,0.812954 / 0.530734 / 0.954467 / 0.816920,0.815618 / 0.535259 / 0.859218 / 0.806132,0.891742 / 0.577812 / 0.865762 / 0.877563,0.875071 / 0.527330 / 0.865401 / 0.843131,0.895030 / 0.539410 / 0.854845 / 0.842854,3.687687
riksarkivet_rtmdet_lines,https://huggingface.co/Riksarkivet/rtmdet_lines,0.821357,0.471184,0.821867,0.848875,7.000000,0.762753 / 0.556275 / 0.740710 / 0.764372,0.871579 / 0.504421 / 0.861630 / 0.860351,0.806863 / 0.480654 / 0.844122 / 0.788744,0.799235 / 0.343174 / 0.813616 / 0.902486,0.727939 / 0.310520 / 0.774944 / 0.816916,0.959772 / 0.632060 / 0.896178 / 0.960382,2.216596
surya_text_line_detection,https://github.com/datalab-to/surya,0.748825,0.352620,0.882294,0.749980,7.750000,0.911854 / 0.517866 / 0.877910 / 0.916582,0.945613 / 0.534010 / 0.916531 / 0.944162,0.718842 / 0.380434 / 0.890016 / 0.711873,0.762196 / 0.307206 / 0.880794 / 0.751174,0.359099 / 0.126897 / 0.854549 / 0.375357,0.795347 / 0.249311 / 0.873966 / 0.800732,2.992076
pero_layout_general,https://github.com/DCGM/pero-ocr,0.743213,0.368915,0.851485,0.743543,8.500000,0.967541 / 0.671616 / 0.901879 / 0.969613,0.768725 / 0.297372 / 0.830164 / 0.764783,0.562044 / 0.265489 / 0.830885 / 0.544919,0.794581 / 0.364572 / 0.866839 / 0.815919,0.562018 / 0.200380 / 0.797796 / 0.586445,0.804366 / 0.414060 / 0.881349 / 0.779576,5.192257
doc_ufcn_generic_historical_line,https://huggingface.co/Teklia/doc-ufcn-generic-historical-line,0.270869,0.099792,0.603161,0.215142,10.000000,0.847035 / 0.416779 / 0.724904 / 0.570081,0.095455 / 0.022091 / 0.486632 / 0.006364,0.332610 / 0.089636 / 0.582945 / 0.101007,0.193738 / 0.044088 / 0.624215 / 0.204788,0.080461 / 0.013599 / 0.536955 / 0.051126,0.075914 / 0.012560 / 0.663314 / 0.357488,4.675006
