model,origin,mean_f1@0.5,mean_f1@0.5:0.95,mean_dice_f1,mean_polygon_hmean@0.5,mean_metric_rank,russian_old_orthography,YeniseiGovReports-TD,school_notebooks_RU,handwritten_essay,ICDAR2015,TotalText,mean_gpu_fps
yolo26x_obb_text_g1,https://github.com/konstantinkozhin/manuscript-ocr,0.846983,0.618423,0.785775,0.748958,1.000000,0.932113 / 0.687499 / 0.880787 / 0.933333,0.898095 / 0.721793 / 0.923646 / 0.900920,0.968985 / 0.799806 / 0.794408 / 0.797581,0.893388 / 0.617772 / 0.918751 / 0.895382,0.647960 / 0.427838 / 0.657948 / 0.502492,0.741357 / 0.455833 / 0.539111 / 0.464041,7.566850
yolo26s_obb_text_g1,https://github.com/konstantinkozhin/manuscript-ocr,0.835916,0.610564,0.780128,0.738233,2.000000,0.932232 / 0.691437 / 0.883082 / 0.932786,0.896836 / 0.721521 / 0.923924 / 0.899415,0.966484 / 0.804901 / 0.790201 / 0.788406,0.913526 / 0.639310 / 0.924550 / 0.914716,0.588467 / 0.373675 / 0.626077 / 0.449140,0.717949 / 0.432540 / 0.532934 / 0.444936,10.846301
east_50_g1,https://github.com/konstantinkozhin/manuscript-ocr,0.762552,0.477844,0.760044,0.726708,3.500000,0.916557 / 0.581879 / 0.846913 / 0.917760,0.901529 / 0.609142 / 0.880693 / 0.905293,0.916183 / 0.579184 / 0.765682 / 0.765647,0.932524 / 0.653100 / 0.910778 / 0.933111,0.535404 / 0.279255 / 0.604929 / 0.454244,0.373116 / 0.164503 / 0.551268 / 0.384189,7.857756
yolo11n_text,https://huggingface.co/RoyRud1902/yolo11n-text,0.742766,0.480618,0.766268,0.689144,3.500000,0.902518 / 0.536974 / 0.834586 / 0.904798,0.701752 / 0.409425 / 0.776253 / 0.706880,0.772933 / 0.454878 / 0.787199 / 0.661731,0.851149 / 0.663116 / 0.933058 / 0.852426,0.525788 / 0.335244 / 0.628630 / 0.463706,0.702453 / 0.484074 / 0.637881 / 0.545325,45.483718
doctr_db_resnet50,https://github.com/mindee/doctr,0.638232,0.318572,0.685129,0.557961,5.500000,0.884041 / 0.479983 / 0.819370 / 0.897240,0.659399 / 0.303665 / 0.740471 / 0.667438,0.654326 / 0.319713 / 0.693385 / 0.379956,0.747665 / 0.332510 / 0.848010 / 0.751751,0.422254 / 0.225155 / 0.546574 / 0.325725,0.461706 / 0.250405 / 0.462962 / 0.325654,5.637773
craft_easyocr,https://github.com/JaidedAI/EasyOCR,0.616465,0.323405,0.731866,0.513296,5.500000,0.715958 / 0.333000 / 0.768134 / 0.719980,0.623576 / 0.316939 / 0.810138 / 0.626762,0.611589 / 0.342946 / 0.744229 / 0.443170,0.738584 / 0.448076 / 0.895198 / 0.739382,0.402719 / 0.207533 / 0.628043 / 0.253186,0.606364 / 0.291935 / 0.545455 / 0.297297,7.549888
yolo11x_dialectic,https://huggingface.co/Daniil-Domino/yolo11x-dialectic,0.510115,0.305389,0.617695,0.478554,7.250000,0.798791 / 0.410304 / 0.792933 / 0.806935,0.433306 / 0.227296 / 0.636864 / 0.437897,0.760646 / 0.467893 / 0.772728 / 0.635185,0.748208 / 0.549200 / 0.891106 / 0.748870,0.096092 / 0.049391 / 0.285624 / 0.068546,0.223649 / 0.128250 / 0.326919 / 0.173890,38.143289
openocr_repvit_db,https://github.com/Topdu/OpenOCR,0.282475,0.136823,0.577556,0.235850,8.250000,0.079644 / 0.030894 / 0.689222 / 0.082007,0.277547 / 0.115831 / 0.664186 / 0.281681,0.398083 / 0.174144 / 0.694446 / 0.343552,0.180572 / 0.084622 / 0.299359 / 0.181790,0.263423 / 0.142506 / 0.583247 / 0.192394,0.495582 / 0.272940 / 0.534875 / 0.333676,24.130435
paddleocr_v6_medium_word,https://www.paddleocr.ai/latest/en/version3.x/algorithm/PP-OCRv6/PP-OCRv6.html,0.191312,0.061660,0.618120,0.173813,8.500000,0.020027 / 0.006358 / 0.716735 / 0.020416,0.183176 / 0.055225 / 0.650795 / 0.189117,0.143590 / 0.041160 / 0.620850 / 0.089440,0.240444 / 0.071347 / 0.780318 / 0.244297,0.232843 / 0.074655 / 0.506357 / 0.218800,0.327792 / 0.121214 / 0.433667 / 0.280810,9.588429
